-- phpMyAdmin SQL Dump
-- version 4.7.9
-- https://www.phpmyadmin.net/
--
-- Хост: 127.0.0.1:3306
-- Время создания: Сен 23 2018 г., 18:46
-- Версия сервера: 5.7.21
-- Версия PHP: 5.6.35

SET SQL_MODE = "NO_AUTO_VALUE_ON_ZERO";
SET AUTOCOMMIT = 0;
START TRANSACTION;
SET time_zone = "+00:00";


/*!40101 SET @OLD_CHARACTER_SET_CLIENT=@@CHARACTER_SET_CLIENT */;
/*!40101 SET @OLD_CHARACTER_SET_RESULTS=@@CHARACTER_SET_RESULTS */;
/*!40101 SET @OLD_COLLATION_CONNECTION=@@COLLATION_CONNECTION */;
/*!40101 SET NAMES utf8mb4 */;

--
-- База данных: `quest2`
--

-- --------------------------------------------------------

--
-- Структура таблицы `devices`
--

DROP TABLE IF EXISTS `devices`;
CREATE TABLE IF NOT EXISTS `devices` (
  `app_id` bigint(20) DEFAULT NULL,
  `device_id` varchar(16) NOT NULL,
  `owner_id` bigint(20) DEFAULT NULL,
  `device_token` varchar(256) DEFAULT NULL,
  `device_update_time` bigint(20) NOT NULL DEFAULT '0',
  `device_lat` double DEFAULT NULL,
  `device_lon` double DEFAULT NULL,
  `device_gps_time` bigint(20) DEFAULT NULL
) ENGINE=MyISAM DEFAULT CHARSET=utf8;

--
-- Дамп данных таблицы `devices`
--

INSERT INTO `devices` (`app_id`, `device_id`, `owner_id`, `device_token`, `device_update_time`, `device_lat`, `device_lon`, `device_gps_time`) VALUES
(1, '8ff31500fcabeae1', 965295321697, 'cM2FVORH0Ss:APA91bEyMMjpGmKlfdSDgm_ghr1F6FKLa0Vi2XfsOuTHR0Uz4ou4YkJLQVJJMiIHebAcaBga16afLIgHWU_oxxQqS-8O8yMAP7TD4nMCQJSCif5XrkoOdSaDrLFXphjd-8YtWx1uvf6s', 1512482009, 53.9, 27.56667, 1512481880),
(1, 'ae62f6d964280a37', 965295321697, 'fVshXpfU8fA:APA91bEEXqGMS193T8Qeg6PZnlZ0AtJc8v8k9kOqTlRa6iVI9TJ9duT2NpjF53nSbkj6VA66vh-JIK4qkzNi3NLV79vAkGstnJGSetl43Xic6dLl9VD2DfJuphuS7oFqGMUHTPVsoesY', 1509657025, 53.9, 27.56667, 1509657023);

-- --------------------------------------------------------

--
-- Структура таблицы `events`
--

DROP TABLE IF EXISTS `events`;
CREATE TABLE IF NOT EXISTS `events` (
  `app_id` bigint(20) NOT NULL,
  `event_id` bigint(20) NOT NULL,
  `owner_id` bigint(20) DEFAULT NULL,
  `event_time` bigint(20) NOT NULL,
  `event_lat` double NOT NULL,
  `event_lon` double NOT NULL,
  `event_address` varchar(300) DEFAULT NULL,
  `event_visible` bigint(20) NOT NULL DEFAULT '1',
  `event_filter_min_year` bigint(20) DEFAULT NULL,
  `event_filter_sex` varchar(1) DEFAULT NULL,
  `event_filter_max_members` bigint(20) DEFAULT NULL,
  `event_title` varchar(200) DEFAULT NULL,
  `event_image_link_id` bigint(20) DEFAULT NULL,
  PRIMARY KEY (`event_id`)
) ENGINE=MyISAM DEFAULT CHARSET=utf8;

--
-- Дамп данных таблицы `events`
--

INSERT INTO `events` (`app_id`, `event_id`, `owner_id`, `event_time`, `event_lat`, `event_lon`, `event_address`, `event_visible`, `event_filter_min_year`, `event_filter_sex`, `event_filter_max_members`, `event_title`, `event_image_link_id`) VALUES
(1, 260133453259, 965295321697, 1509189534, 53.9, 27.56667, 'ул. Красноармейская 6, Минск, Беларусь', 1, 18, NULL, 2, NULL, NULL),
(1, 591310139895, 965295321697, 1509189561, 53.9, 27.56667, 'ул. Красноармейская 6, Минск, Беларусь', 1, 18, NULL, 2, NULL, NULL),
(1, 564458258439, 987999270752, 1509191874, 53.9, 27.56667, 'ул. Красноармейская 6, Минск, Беларусь', 1, 18, NULL, 2, NULL, NULL),
(1, 587352138689, 965295321697, 1509277086, 53.9, 27.56667, 'ул. Красноармейская 6, Минск, Беларусь', 1, 18, NULL, 2, NULL, NULL),
(1, 799428514173, 965295321697, 1509281542, 53.9, 27.56667, 'ул. Красноармейская 6, Минск, Беларусь', 1, 18, NULL, 2, NULL, NULL),
(1, 139122986909, 965295321697, 1509538236, 53.9, 27.56667, 'ул. Красноармейская 6, Минск, Беларусь', 1, 18, NULL, 2, NULL, NULL),
(1, 431748012991, 965295321697, 1509285482, 53.9, 27.56667, 'ул. Красноармейская 6, Минск, Беларусь', 1, 18, NULL, 100, NULL, NULL),
(1, 666360103780, 965295321697, 1509287510, 53.9, 27.56667, 'ул. Красноармейская 6, Минск, Беларусь', 1, 18, NULL, 2, ' ', NULL),
(1, 233388750461, 965295321697, 1509362973, 53.9, 27.56667, 'ул. Красноармейская 6, Минск, Беларусь', 1, 18, NULL, 2, NULL, NULL),
(1, 758220970177, 965295321697, 1509363272, 53.9, 27.56667, 'ул. Красноармейская 6, Минск, Беларусь', 1, 18, NULL, 2, NULL, NULL),
(1, 524098495253, 965295321697, 1509363465, 53.9, 27.56667, 'ул. Красноармейская 6, Минск, Беларусь', 1, 18, NULL, 2, NULL, NULL),
(1, 122436428432, 965295321697, 1509363517, 53.9, 27.56667, 'ул. Красноармейская 6, Минск, Беларусь', 1, 18, NULL, 2, NULL, NULL),
(1, 270314635659, 965295321697, 1509363465, 53.9, 27.56667, 'ул. Красноармейская 6, Минск, Беларусь', 1, 18, NULL, 2, NULL, NULL),
(1, 801645193761, 965295321697, 1509363465, 53.9, 27.56667, 'ул. Красноармейская 6, Минск, Беларусь', 1, 18, NULL, 2, NULL, NULL),
(1, 708638804911, 965295321697, 1509363630, 53.9, 27.56667, 'ул. Красноармейская 6, Минск, Беларусь', 1, 18, NULL, 2, NULL, NULL),
(1, 221378731309, 965295321697, 1509363644, 53.9, 27.56667, 'ул. Красноармейская 6, Минск, Беларусь', 1, 18, NULL, 2, NULL, NULL),
(1, 257980163691, 965295321697, 1509363745, 53.9, 27.56667, 'ул. Красноармейская 6, Минск, Беларусь', 1, 18, NULL, 2, NULL, NULL),
(1, 522445548271, 965295321697, 1509363745, 53.9, 27.56667, 'ул. Красноармейская 6, Минск, Беларусь', 1, 18, NULL, 2, NULL, NULL),
(1, 914237238624, 965295321697, 1509363954, 53.9, 27.56667, 'ул. Красноармейская 6, Минск, Беларусь', 1, 18, NULL, 2, NULL, NULL),
(1, 821135915358, 965295321697, 1509364147, 53.9, 27.56667, 'ул. Красноармейская 6, Минск, Беларусь', 1, 18, NULL, 2, NULL, NULL),
(1, 409656317461, 965295321697, 1509364497, 53.9, 27.56667, 'ул. Красноармейская 6, Минск, Беларусь', 1, 18, NULL, 2, NULL, NULL),
(1, 552542893506, 965295321697, 1509366738, 53.9, 27.56667, 'ул. Красноармейская 6, Минск, Беларусь', 1, 18, NULL, 2, NULL, NULL),
(1, 245946290987, 965295321697, 1509366738, 53.9, 27.56667, 'ул. Красноармейская 6, Минск, Беларусь', 1, 18, NULL, 2, NULL, NULL),
(1, 346188090330, 965295321697, 1509369284, 53.9, 27.56667, 'ул. Красноармейская 6, Минск, Беларусь', 1, 18, NULL, 2, NULL, NULL),
(1, 209995899805, 965295321697, 1509369284, 53.9, 27.56667, 'ул. Красноармейская 6, Минск, Беларусь', 1, 18, NULL, 2, NULL, NULL),
(1, 973946858863, 255848414618, 1509369883, 53.9, 27.56667, 'ул. Красноармейская 6, Минск, Беларусь', 1, 18, NULL, 2, NULL, NULL),
(1, 421237765848, 255848414618, 1509370014, 53.9, 27.56667, 'ул. Красноармейская 6, Минск, Беларусь', 1, 18, NULL, 2, NULL, NULL),
(1, 914468415657, 255848414618, 1509370045, 53.9, 27.56667, 'ул. Красноармейская 6, Минск, Беларусь', 1, 18, NULL, 2, NULL, NULL),
(1, 113307512978, 255848414618, 1509370094, 53.9, 27.56667, 'ул. Красноармейская 6, Минск, Беларусь', 1, 18, NULL, 2, NULL, NULL),
(1, 365554134423, 965295321697, 1509370144, 53.9, 27.56667, 'ул. Красноармейская 6, Минск, Беларусь', 1, 18, NULL, 2, NULL, NULL),
(1, 795961817155, 255848414618, 1509370312, 53.9, 27.56667, 'ул. Красноармейская 6, Минск, Беларусь', 1, 18, NULL, 2, NULL, NULL),
(1, 347112500080, 255848414618, 1509370312, 53.9, 27.56667, 'ул. Красноармейская 6, Минск, Беларусь', 1, 18, NULL, 2, NULL, NULL),
(1, 661330803995, 965295321697, 1509370846, 53.9, 27.56667, 'ул. Красноармейская 6, Минск, Беларусь', 1, 18, NULL, 2, NULL, NULL),
(1, 269485272304, 255848414618, 1509370681, 53.9, 27.56667, 'ул. Красноармейская 6, Минск, Беларусь', 1, 18, NULL, 2, NULL, NULL),
(1, 698613306868, 255848414618, 1509370947, 53.9, 27.56667, 'ул. Красноармейская 6, Минск, Беларусь', 1, 18, NULL, 2, NULL, NULL),
(1, 778511222777, 255848414618, 1509371093, 53.9, 27.56667, 'ул. Красноармейская 6, Минск, Беларусь', 1, 18, NULL, 2, NULL, NULL),
(1, 321469132709, 255848414618, 1509371733, 53.9, 27.56667, 'ул. Красноармейская 6, Минск, Беларусь', 1, 18, NULL, 2, NULL, NULL),
(1, 570557530159, 255848414618, 1509371845, 53.9, 27.56667, 'ул. Красноармейская 6, Минск, Беларусь', 1, 18, NULL, 2, NULL, NULL),
(1, 892864892750, 255848414618, 1509372346, 53.9, 27.56667, 'ул. Красноармейская 6, Минск, Беларусь', 1, 18, NULL, 2, NULL, NULL),
(1, 190461788475, 255848414618, 1509373163, 53.9, 27.56667, 'ул. Красноармейская 6, Минск, Беларусь', 1, 18, NULL, 2, NULL, NULL),
(1, 927612144984, 255848414618, 1509373273, 53.9, 27.56667, 'ул. Красноармейская 6, Минск, Беларусь', 1, 18, NULL, 2, NULL, NULL),
(1, 740178777493, 255848414618, 1509373342, 53.9, 27.56667, 'ул. Красноармейская 6, Минск, Беларусь', 1, 18, NULL, 2, NULL, NULL),
(1, 460311010779, 255848414618, 1509373383, 53.9, 27.56667, 'ул. Красноармейская 6, Минск, Беларусь', 1, 18, NULL, 2, NULL, NULL),
(1, 731387771406, 255848414618, 1509373508, 53.9, 27.56667, 'ул. Красноармейская 6, Минск, Беларусь', 1, 18, NULL, 2, NULL, NULL),
(1, 837442890528, 255848414618, 1509373541, 53.9, 27.56667, 'ул. Красноармейская 6, Минск, Беларусь', 1, 18, NULL, 2, NULL, NULL),
(1, 754472201835, 255848414618, 1509374034, 53.9, 27.56667, 'ул. Красноармейская 6, Минск, Беларусь', 1, 18, NULL, 2, NULL, NULL),
(1, 237878167523, 255848414618, 1509374686, 53.9, 27.56667, 'ул. Красноармейская 6, Минск, Беларусь', 1, 18, NULL, 2, NULL, NULL),
(1, 600545132183, 255848414618, 1509374755, 53.9, 27.56667, 'ул. Красноармейская 6, Минск, Беларусь', 1, 18, NULL, 2, NULL, NULL),
(1, 746833510430, 255848414618, 1509375104, 53.9, 27.56667, 'ул. Красноармейская 6, Минск, Беларусь', 1, 18, NULL, 2, NULL, NULL),
(1, 258801178563, 460158170187, 1509375170, 53.9, 27.56667, 'ул. Красноармейская 6, Минск, Беларусь', 1, 18, NULL, 2, NULL, NULL),
(1, 894895518596, 255848414618, 1509375193, 53.9, 27.56667, 'ул. Красноармейская 6, Минск, Беларусь', 1, 18, NULL, 2, NULL, NULL),
(1, 264449489886, 255848414618, 1509375193, 53.9, 27.56667, 'ул. Красноармейская 6, Минск, Беларусь', 1, 18, NULL, 2, NULL, NULL),
(1, 216158954238, 255848414618, 1509375414, 53.9, 27.56667, 'ул. Красноармейская 6, Минск, Беларусь', 1, 18, NULL, 2, NULL, NULL),
(1, 363595146762, 255848414618, 1509375414, 53.9, 27.56667, 'ул. Красноармейская 6, Минск, Беларусь', 1, 18, NULL, 2, NULL, NULL),
(1, 171338893384, 255848414618, 1509375933, 53.9, 27.56667, 'ул. Красноармейская 6, Минск, Беларусь', 1, 18, NULL, 2, NULL, NULL),
(1, 204180764900, 255848414618, 1509375933, 53.9, 27.56667, 'ул. Красноармейская 6, Минск, Беларусь', 1, 18, NULL, 2, NULL, NULL),
(1, 130866479080, 255848414618, 1509375933, 53.9, 27.56667, 'ул. Красноармейская 6, Минск, Беларусь', 1, 18, NULL, 2, NULL, NULL),
(1, 653645289628, 255848414618, 1509376295, 53.9, 27.56667, 'ул. Красноармейская 6, Минск, Беларусь', 1, 18, NULL, 2, NULL, NULL),
(1, 387970326438, 255848414618, 1509376505, 53.9, 27.56667, 'ул. Красноармейская 6, Минск, Беларусь', 1, 18, NULL, 2, NULL, NULL),
(1, 330120304349, 947012730497, 1509377320, 53.9, 27.56667, 'ул. Красноармейская 6, Минск, Беларусь', 1, 18, NULL, 2, NULL, NULL),
(1, 876455147776, 947012730497, 1509377320, 53.9, 27.56667, 'ул. Красноармейская 6, Минск, Беларусь', 1, 18, NULL, 2, NULL, NULL),
(1, 571213296182, 947012730497, 1509377636, 53.9, 27.56667, 'ул. Красноармейская 6, Минск, Беларусь', 1, 18, NULL, 2, NULL, NULL),
(1, 492991930608, 947012730497, 1509377636, 53.9, 27.56667, 'ул. Красноармейская 6, Минск, Беларусь', 1, 18, NULL, 2, NULL, NULL),
(1, 499606356650, 732049357187, 1509378517, 53.9, 27.56667, 'ул. Красноармейская 6, Минск, Беларусь', 0, 18, NULL, 2, NULL, NULL),
(1, 623201639483, 947012730497, 1509377636, 53.9, 27.56667, 'ул. Красноармейская 6, Минск, Беларусь', 1, 18, NULL, 2, NULL, NULL),
(1, 432959838952, 732049357187, 1509379960, 53.9, 27.56667, 'ул. Красноармейская 6, Минск, Беларусь', 1, 18, NULL, 2, NULL, NULL),
(1, 479587815834, 732049357187, 1509379960, 53.9, 27.56667, 'ул. Красноармейская 6, Минск, Беларусь', 1, 18, NULL, 2, NULL, NULL),
(1, 344597109453, 732049357187, 1509379960, 53.9, 27.56667, 'ул. Красноармейская 6, Минск, Беларусь', 1, 18, NULL, 2, NULL, NULL),
(1, 384855743212, 732049357187, 1509379960, 53.9, 27.56667, 'ул. Красноармейская 6, Минск, Беларусь', 1, 18, NULL, 2, NULL, NULL),
(1, 563182434575, 732049357187, 1509379960, 53.9, 27.56667, 'ул. Красноармейская 6, Минск, Беларусь', 1, 18, NULL, 2, NULL, NULL),
(1, 482147323480, 947012730497, 1509380462, 53.9, 27.56667, 'ул. Красноармейская 6, Минск, Беларусь', 1, 18, NULL, 2, NULL, NULL),
(1, 290525891507, 947012730497, 1509381691, 53.9, 27.56667, 'ул. Красноармейская 6, Минск, Беларусь', 1, 18, NULL, 2, NULL, NULL),
(1, 277982009961, 732049357187, 1509382223, 53.9, 27.56667, 'ул. Красноармейская 6, Минск, Беларусь', 1, 18, NULL, 2, NULL, NULL),
(1, 946079377503, 947012730497, 1509382581, 53.9, 27.56667, 'ул. Красноармейская 6, Минск, Беларусь', 1, 18, NULL, 2, NULL, NULL),
(1, 992322281256, 947012730497, 1509382581, 53.9, 27.56667, 'ул. Красноармейская 6, Минск, Беларусь', 1, 18, NULL, 2, NULL, NULL),
(1, 202994673008, 732049357187, 1509384682, 53.9, 27.56667, 'ул. Красноармейская 6, Минск, Беларусь', 1, 18, NULL, 2, NULL, NULL),
(1, 922641837841, 896744337728, 1509456955, 53.9, 27.56667, 'ул. Красноармейская 6, Минск, Беларусь', 1, 18, NULL, 2, NULL, NULL),
(1, 542768483874, 704813398323, 1509550658, 53.9, 27.56667, 'ул. Красноармейская 6, Минск, Беларусь', 1, 18, NULL, 2, NULL, NULL),
(1, 572712166474, 704813398323, 1509656919, 53.9, 27.56667, 'ул. Красноармейская 6, Минск, Беларусь', 1, 18, NULL, 2, NULL, NULL),
(1, 258030304395, 704813398323, 1509656958, 53.9, 27.56667, 'ул. Красноармейская 6, Минск, Беларусь', 1, 18, NULL, 2, NULL, NULL),
(1, 881740019961, 965295321697, 1509657034, 53.9, 27.56667, 'ул. Красноармейская 6, Минск, Беларусь', 1, 18, NULL, 2, NULL, NULL),
(1, 470944474182, 965295321697, 1509658404, 53.9, 27.56667, 'ул. Красноармейская 6, Минск, Беларусь', 1, 18, NULL, 2, NULL, NULL),
(1, 928355209145, 875836224686, 1509790722, 53.9, 27.56667, 'ул. Красноармейская 6, Минск, Беларусь', 1, 18, NULL, 2, NULL, NULL),
(1, 193190573456, 875836224686, 1509794584, 53.9, 27.56667, 'ул. Красноармейская 6, Минск, Беларусь', 1, 18, NULL, 2, NULL, NULL),
(1, 353575890616, 875836224686, 1509794584, 53.9, 27.56667, 'ул. Красноармейская 6, Минск, Беларусь', 1, 18, NULL, 2, NULL, NULL),
(1, 334162356312, 896744337728, 1509795541, 53.9, 27.56667, 'ул. Красноармейская 6, Минск, Беларусь', 1, 18, NULL, 2, NULL, NULL),
(1, 600103380004, 896744337728, 1509796264, 53.9, 27.56667, 'ул. Красноармейская 6, Минск, Беларусь', 1, 18, NULL, 2, NULL, NULL),
(1, 383269633646, 896744337728, 1510689074, 53.9, 27.56667, 'ул. Красноармейская 6, Минск, Беларусь', 1, 18, NULL, 2, NULL, NULL),
(1, 534665330427, 896744337728, 1512481670, 53.9, 27.56667, 'ул. Красноармейская 6, Минск, Беларусь', 1, 18, NULL, 2, NULL, NULL),
(1, 797440826418, 896744337728, 1512481742, 53.9, 27.56667, 'ул. Красноармейская 6, Минск, Беларусь', 1, 18, NULL, 2, NULL, NULL);

-- --------------------------------------------------------

--
-- Структура таблицы `links`
--

DROP TABLE IF EXISTS `links`;
CREATE TABLE IF NOT EXISTS `links` (
  `link_id` bigint(20) NOT NULL,
  `link_local_path` varchar(500) NOT NULL,
  `link_external_url` varchar(300) DEFAULT NULL,
  PRIMARY KEY (`link_id`)
) ENGINE=MyISAM DEFAULT CHARSET=utf8;

--
-- Дамп данных таблицы `links`
--

INSERT INTO `links` (`link_id`, `link_local_path`, `link_external_url`) VALUES
(226138178179, 'upload/f296e80f04082ca351e337dbd310ef43.png', NULL),
(144126757094, 'upload/cf9381e5e36f7943033656ca7ef891c8.png', NULL),
(896726680599, 'upload/cf9381e5e36f7943033656ca7ef891c8.png', NULL),
(171318429761, 'upload/f296e80f04082ca351e337dbd310ef43.png', NULL),
(119010112972, 'upload/cf9381e5e36f7943033656ca7ef891c8.png', NULL),
(323118694436, 'upload/f296e80f04082ca351e337dbd310ef43.png', NULL),
(710874266337, 'upload/78a15b30bcd769c0598c7ab639db117d.png', NULL),
(366223138344, 'upload/78a15b30bcd769c0598c7ab639db117d.png', NULL),
(754283283347, 'upload/2cfe9ad61f95ade0855c2e5da802e0d0.png', NULL),
(570520225505, 'upload/78a15b30bcd769c0598c7ab639db117d.png', NULL),
(662736886848, 'upload/2cfe9ad61f95ade0855c2e5da802e0d0.png', NULL),
(662736111483, 'upload/cf9381e5e36f7943033656ca7ef891c8.png', NULL),
(120008221619, 'upload/f296e80f04082ca351e337dbd310ef43.png', NULL),
(393507750055, 'upload/cf9381e5e36f7943033656ca7ef891c8.png', NULL),
(752083475053, 'upload/f296e80f04082ca351e337dbd310ef43.png', NULL),
(287344398603, 'upload/cf9381e5e36f7943033656ca7ef891c8.png', NULL),
(119011375342, 'upload/f296e80f04082ca351e337dbd310ef43.png', NULL),
(345634000132, 'upload/f685daae2e131b9c46caa471c090d879.png', NULL),
(720937956820, 'upload/f685daae2e131b9c46caa471c090d879.png', NULL),
(565887715228, 'upload/4eaaa20e28809665f819fe584b33682f.png', NULL),
(773769425214, 'upload/f685daae2e131b9c46caa471c090d879.png', NULL),
(277047873853, 'upload/f685daae2e131b9c46caa471c090d879.png', NULL),
(619922388923, 'upload/f685daae2e131b9c46caa471c090d879.png', NULL),
(128094559639, 'upload/f685daae2e131b9c46caa471c090d879.png', NULL),
(591916054512, 'upload/f685daae2e131b9c46caa471c090d879.png', NULL),
(349195147166, 'upload/f685daae2e131b9c46caa471c090d879.png', NULL),
(936403535592, 'upload/f685daae2e131b9c46caa471c090d879.png', NULL),
(361456557455, 'upload/f685daae2e131b9c46caa471c090d879.png', NULL),
(167168173969, 'upload/f685daae2e131b9c46caa471c090d879.png', NULL),
(271973027724, 'upload/f685daae2e131b9c46caa471c090d879.png', NULL),
(289181331011, 'upload/f685daae2e131b9c46caa471c090d879.png', NULL),
(925984197026, 'upload/f685daae2e131b9c46caa471c090d879.png', NULL),
(275678135600, 'upload/4eaaa20e28809665f819fe584b33682f.png', NULL),
(624760009427, 'upload/f685daae2e131b9c46caa471c090d879.png', NULL),
(630824415328, 'upload/f685daae2e131b9c46caa471c090d879.png', NULL),
(569465826192, 'upload/f685daae2e131b9c46caa471c090d879.png', NULL),
(413723978414, 'upload/f685daae2e131b9c46caa471c090d879.png', NULL),
(502204617410, 'upload/f685daae2e131b9c46caa471c090d879.png', NULL),
(236402404711, 'upload/f685daae2e131b9c46caa471c090d879.png', NULL),
(461628916269, 'upload/4eaaa20e28809665f819fe584b33682f.png', NULL),
(736803528703, 'upload/f685daae2e131b9c46caa471c090d879.png', NULL),
(138821224001, 'upload/4eaaa20e28809665f819fe584b33682f.png', NULL),
(530261345451, 'upload/f685daae2e131b9c46caa471c090d879.png', NULL),
(416621422051, 'upload/f685daae2e131b9c46caa471c090d879.png', NULL),
(216942172872, 'upload/4eaaa20e28809665f819fe584b33682f.png', NULL),
(237686530976, 'upload/f685daae2e131b9c46caa471c090d879.png', NULL),
(799847575200, 'upload/4eaaa20e28809665f819fe584b33682f.png', NULL),
(639692767458, 'upload/f685daae2e131b9c46caa471c090d879.png', NULL),
(868809763276, 'upload/4eaaa20e28809665f819fe584b33682f.png', NULL),
(784723025154, 'upload/f685daae2e131b9c46caa471c090d879.png', NULL),
(680215005446, 'upload/f685daae2e131b9c46caa471c090d879.png', NULL),
(996261018936, 'upload/4eaaa20e28809665f819fe584b33682f.png', NULL),
(683839479639, 'upload/f685daae2e131b9c46caa471c090d879.png', NULL),
(425204563699, 'upload/f685daae2e131b9c46caa471c090d879.png', NULL),
(786231537308, 'upload/f685daae2e131b9c46caa471c090d879.png', NULL),
(411803813019, 'upload/4eaaa20e28809665f819fe584b33682f.png', NULL),
(151700736931, 'upload/f685daae2e131b9c46caa471c090d879.png', NULL),
(486120779591, 'upload/f685daae2e131b9c46caa471c090d879.png', NULL),
(206056538645, 'upload/4eaaa20e28809665f819fe584b33682f.png', NULL),
(979280080195, 'upload/78a15b30bcd769c0598c7ab639db117d.png', NULL),
(764362790931, 'upload/78a15b30bcd769c0598c7ab639db117d.png', NULL),
(475947190432, 'upload/2cfe9ad61f95ade0855c2e5da802e0d0.png', NULL),
(320345765448, 'upload/78a15b30bcd769c0598c7ab639db117d.png', NULL),
(453279357977, 'upload/2cfe9ad61f95ade0855c2e5da802e0d0.png', NULL),
(672215028502, 'upload/78a15b30bcd769c0598c7ab639db117d.png', NULL),
(129032414042, 'upload/2cfe9ad61f95ade0855c2e5da802e0d0.png', NULL),
(793328171553, 'upload/78a15b30bcd769c0598c7ab639db117d.png', NULL),
(646412584158, 'upload/2cfe9ad61f95ade0855c2e5da802e0d0.png', NULL),
(239672870138, 'upload/78a15b30bcd769c0598c7ab639db117d.png', NULL),
(600545088102, 'upload/2cfe9ad61f95ade0855c2e5da802e0d0.png', NULL),
(642770527038, 'upload/78a15b30bcd769c0598c7ab639db117d.png', NULL),
(458520066917, 'upload/2cfe9ad61f95ade0855c2e5da802e0d0.png', NULL),
(528673797147, 'upload/78a15b30bcd769c0598c7ab639db117d.png', NULL),
(167323527092, 'upload/2cfe9ad61f95ade0855c2e5da802e0d0.png', NULL),
(105293278189, 'upload/f685daae2e131b9c46caa471c090d879.png', NULL),
(649732529312, 'upload/f685daae2e131b9c46caa471c090d879.png', NULL),
(425654431962, 'upload/4eaaa20e28809665f819fe584b33682f.png', NULL),
(371564226350, 'upload/19a7846ef57aaa25ebc7f7bda3d36653.png', NULL),
(694284988931, 'upload/19a7846ef57aaa25ebc7f7bda3d36653.png', NULL),
(885173669760, 'upload/30ece58a3b1dff044e53fb86593cdb77.png', NULL),
(662569001843, 'upload/19a7846ef57aaa25ebc7f7bda3d36653.png', NULL),
(621627855942, 'upload/30ece58a3b1dff044e53fb86593cdb77.png', NULL),
(351024593050, 'upload/19a7846ef57aaa25ebc7f7bda3d36653.png', NULL),
(578134667912, 'upload/30ece58a3b1dff044e53fb86593cdb77.png', NULL),
(795682846682, 'upload/19a7846ef57aaa25ebc7f7bda3d36653.png', NULL),
(262428180334, 'upload/30ece58a3b1dff044e53fb86593cdb77.png', NULL),
(352722811442, 'upload/19a7846ef57aaa25ebc7f7bda3d36653.png', NULL),
(882477069947, 'upload/30ece58a3b1dff044e53fb86593cdb77.png', NULL),
(114608906462, 'upload/19a7846ef57aaa25ebc7f7bda3d36653.png', NULL),
(874543063537, 'upload/30ece58a3b1dff044e53fb86593cdb77.png', NULL),
(550604599146, 'upload/19a7846ef57aaa25ebc7f7bda3d36653.png', NULL),
(220315739395, 'upload/30ece58a3b1dff044e53fb86593cdb77.png', NULL),
(716677603778, 'upload/19a7846ef57aaa25ebc7f7bda3d36653.png', NULL),
(875839852141, 'upload/30ece58a3b1dff044e53fb86593cdb77.png', NULL),
(843705651053, 'upload/19a7846ef57aaa25ebc7f7bda3d36653.png', NULL),
(686087281692, 'upload/30ece58a3b1dff044e53fb86593cdb77.png', NULL),
(194668200139, 'upload/19a7846ef57aaa25ebc7f7bda3d36653.png', NULL),
(471954242219, 'upload/30ece58a3b1dff044e53fb86593cdb77.png', NULL),
(187511885611, 'upload/f685daae2e131b9c46caa471c090d879.png', NULL),
(294757769987, 'upload/f685daae2e131b9c46caa471c090d879.png', NULL),
(398758487366, 'upload/4eaaa20e28809665f819fe584b33682f.png', NULL),
(210550445093, 'upload/f685daae2e131b9c46caa471c090d879.png', NULL),
(110240937273, 'upload/f685daae2e131b9c46caa471c090d879.png', NULL),
(888501642258, 'upload/4eaaa20e28809665f819fe584b33682f.png', NULL),
(332762789509, 'upload/78a15b30bcd769c0598c7ab639db117d.png', NULL),
(977011620339, 'upload/78a15b30bcd769c0598c7ab639db117d.png', NULL),
(987181068966, 'upload/2cfe9ad61f95ade0855c2e5da802e0d0.png', NULL),
(347104493595, 'upload/cf9381e5e36f7943033656ca7ef891c8.png', NULL),
(838712068866, 'upload/f296e80f04082ca351e337dbd310ef43.png', NULL),
(258720979727, 'upload/cf9381e5e36f7943033656ca7ef891c8.png', NULL),
(457259385269, 'upload/f296e80f04082ca351e337dbd310ef43.png', NULL),
(836360464422, 'upload/f685daae2e131b9c46caa471c090d879.png', NULL),
(330946932219, 'upload/f685daae2e131b9c46caa471c090d879.png', NULL),
(862841548323, 'upload/4eaaa20e28809665f819fe584b33682f.png', NULL),
(184930499774, 'upload/f685daae2e131b9c46caa471c090d879.png', NULL),
(433075525164, 'upload/f685daae2e131b9c46caa471c090d879.png', NULL),
(512327081805, 'upload/4eaaa20e28809665f819fe584b33682f.png', NULL),
(350149064060, 'upload/f685daae2e131b9c46caa471c090d879.png', NULL),
(800388775014, 'upload/f685daae2e131b9c46caa471c090d879.png', NULL),
(715294087841, 'upload/4eaaa20e28809665f819fe584b33682f.png', NULL),
(250086585014, 'upload/f685daae2e131b9c46caa471c090d879.png', NULL),
(993180019074, 'upload/f685daae2e131b9c46caa471c090d879.png', NULL),
(557023517729, 'upload/4eaaa20e28809665f819fe584b33682f.png', NULL),
(985519588513, 'upload/f685daae2e131b9c46caa471c090d879.png', NULL),
(135062111578, 'upload/f685daae2e131b9c46caa471c090d879.png', NULL),
(903456475762, 'upload/4eaaa20e28809665f819fe584b33682f.png', NULL),
(746513941283, 'upload/f685daae2e131b9c46caa471c090d879.png', NULL),
(545738789743, 'upload/f685daae2e131b9c46caa471c090d879.png', NULL),
(136942868316, 'upload/4eaaa20e28809665f819fe584b33682f.png', NULL),
(469220045134, 'upload/cf9381e5e36f7943033656ca7ef891c8.png', NULL),
(638944569462, 'upload/f296e80f04082ca351e337dbd310ef43.png', NULL),
(492868505262, 'upload/78a15b30bcd769c0598c7ab639db117d.png', NULL),
(450620908923, 'upload/78a15b30bcd769c0598c7ab639db117d.png', NULL),
(577837501611, 'upload/2cfe9ad61f95ade0855c2e5da802e0d0.png', NULL),
(117035636407, 'upload/f685daae2e131b9c46caa471c090d879.png', NULL),
(831526993506, 'upload/cf9381e5e36f7943033656ca7ef891c8.png', NULL),
(958467846922, 'upload/f685daae2e131b9c46caa471c090d879.png', NULL),
(103756093698, 'upload/f685daae2e131b9c46caa471c090d879.png', NULL),
(293322614181, 'upload/f685daae2e131b9c46caa471c090d879.png', NULL),
(342549986220, 'upload/4eaaa20e28809665f819fe584b33682f.png', NULL),
(591953686096, 'upload/f685daae2e131b9c46caa471c090d879.png', NULL),
(572619507109, 'upload/f685daae2e131b9c46caa471c090d879.png', NULL),
(623580548109, 'upload/4eaaa20e28809665f819fe584b33682f.png', NULL),
(593893158205, 'upload/cf9381e5e36f7943033656ca7ef891c8.png', NULL),
(250603794139, 'upload/cf9381e5e36f7943033656ca7ef891c8.png', NULL),
(141673689041, 'upload/f296e80f04082ca351e337dbd310ef43.png', NULL),
(442768506571, 'upload/f296e80f04082ca351e337dbd310ef43.png', NULL),
(501473338538, 'upload/f685daae2e131b9c46caa471c090d879.png', NULL),
(870275771266, 'upload/f685daae2e131b9c46caa471c090d879.png', NULL),
(135693695666, 'upload/f685daae2e131b9c46caa471c090d879.png', NULL),
(599609749178, 'upload/4eaaa20e28809665f819fe584b33682f.png', NULL),
(877064870942, 'upload/f685daae2e131b9c46caa471c090d879.png', NULL),
(211642209689, 'upload/f685daae2e131b9c46caa471c090d879.png', NULL),
(753651674927, 'upload/4eaaa20e28809665f819fe584b33682f.png', NULL),
(409201317834, 'upload/f685daae2e131b9c46caa471c090d879.png', NULL),
(598799382473, 'upload/f685daae2e131b9c46caa471c090d879.png', NULL),
(274600001872, 'upload/4eaaa20e28809665f819fe584b33682f.png', NULL),
(741175961031, 'upload/cf9381e5e36f7943033656ca7ef891c8.png', NULL),
(415905992689, 'upload/cf9381e5e36f7943033656ca7ef891c8.png', NULL),
(740375711808, 'upload/f296e80f04082ca351e337dbd310ef43.png', NULL),
(396559974342, 'upload/f296e80f04082ca351e337dbd310ef43.png', NULL),
(413770579844, 'upload/f685daae2e131b9c46caa471c090d879.png', NULL),
(474935351317, 'upload/f685daae2e131b9c46caa471c090d879.png', NULL),
(975432339888, 'upload/4eaaa20e28809665f819fe584b33682f.png', NULL),
(474904564224, 'upload/cf9381e5e36f7943033656ca7ef891c8.png', NULL),
(984829547692, 'upload/f296e80f04082ca351e337dbd310ef43.png', NULL);

-- --------------------------------------------------------

--
-- Структура таблицы `members`
--

DROP TABLE IF EXISTS `members`;
CREATE TABLE IF NOT EXISTS `members` (
  `member_id` bigint(20) NOT NULL,
  `attach_type` bigint(20) NOT NULL,
  `attach_id` bigint(20) NOT NULL,
  `owner_id` bigint(20) NOT NULL,
  `member_time` bigint(20) NOT NULL,
  `member_visible` bigint(20) NOT NULL DEFAULT '1',
  PRIMARY KEY (`member_id`)
) ENGINE=MyISAM DEFAULT CHARSET=utf8;

--
-- Дамп данных таблицы `members`
--

INSERT INTO `members` (`member_id`, `attach_type`, `attach_id`, `owner_id`, `member_time`, `member_visible`) VALUES
(105527596432, 1, 277982009961, 732049357187, 1509382228, 1),
(304892534393, 1, 277982009961, 947012730497, 1509382241, -1),
(294665592118, 1, 946079377503, 947012730497, 1509382583, 1),
(631977331439, 1, 992322281256, 947012730497, 1509382597, 1),
(800795834192, 1, 992322281256, 732049357187, 1509382606, 1),
(780891867679, 2, 947012730497, 732049357187, 1509384703, 0),
(803389822788, 0, 947012730497, 732049357187, 1509383513, 1),
(584871937379, 0, 732049357187, 947012730497, 1509383520, 1),
(654617024606, 2, 732049357187, 947012730497, 1509383552, 1),
(803895530315, 1, 202994673008, 732049357187, 1509384863, 1),
(777693269076, 1, 202994673008, 255848414618, 1509384863, -2),
(419548155414, 0, 987999270752, 965295321697, 1509451535, 1),
(851242119451, 0, 965295321697, 896744337728, 1509453573, 1),
(254877682183, 0, 896744337728, 965295321697, 1509453584, 1),
(337282698375, 1, 139122986909, 965295321697, 1509456666, 1),
(904117607522, 1, 922641837841, 896744337728, 1509456966, 1),
(718640826911, 1, 922641837841, 965295321697, 1509456966, -2),
(427668748401, 1, 922641837841, 714661265019, 1509456977, 1),
(655138258246, 1, 542768483874, 704813398323, 1509656809, -2),
(455766855297, 1, 542768483874, 965295321697, 1509550667, -2),
(573123125765, 1, 542768483874, 714661265019, 1509550673, -1),
(698312211947, 1, 797440826418, 965295321697, 1512481798, -2),
(617432411243, 1, 797440826418, 896744337728, 1512481798, 1),
(474490518343, 1, 534665330427, 965295321697, 1512481676, -2),
(627011093782, 1, 534665330427, 896744337728, 1512481676, 1),
(220901107528, 4, 654860203598, 965295321697, 1510689454, 1),
(602768211876, 4, 654860203598, 896744337728, 1510689454, 1),
(159448443676, 1, 383269633646, 965295321697, 1510689087, -2),
(686414912908, 1, 383269633646, 896744337728, 1510689087, 1),
(203177624144, 5, 334162356312, 1565789675, 1509797656, 0),
(181405338000, 1, 600103380004, 965295321697, 1509796271, -2),
(837443254792, 1, 600103380004, 896744337728, 1509796271, 1),
(947642808089, 1, 334162356312, 965295321697, 1509795561, -2),
(531040273542, 1, 334162356312, 896744337728, 1509803844, 1),
(807109932460, 1, 353575890616, 965295321697, 1509794827, -2),
(568028187802, 1, 353575890616, 875836224686, 1509794827, 1),
(435461505419, 1, 193190573456, 965295321697, 1509794594, -2),
(987483495447, 1, 193190573456, 875836224686, 1509794594, 1),
(611778810170, 0, 965295321697, 875836224686, 1509790763, 1),
(722498782655, 1, 928355209145, 965295321697, 1509790736, -2),
(771369967936, 1, 928355209145, 875836224686, 1509790736, 1),
(415582284250, 1, 470944474182, 965295321697, 1509658409, 1),
(814682852336, 1, 881740019961, 987999270752, 1509657046, -2),
(646257834237, 1, 881740019961, 896744337728, 1509657046, -2),
(904004702440, 1, 881740019961, 965295321697, 1509657046, 1),
(439740716402, 1, 258030304395, 704813398323, 1509656963, 1),
(921515999277, 1, 572712166474, 965295321697, 1509656929, -2),
(521450147058, 1, 572712166474, 704813398323, 1509656929, 1),
(966635576812, 5, 542768483874, 1565789675, 1509653210, 0);

-- --------------------------------------------------------

--
-- Структура таблицы `messages`
--

DROP TABLE IF EXISTS `messages`;
CREATE TABLE IF NOT EXISTS `messages` (
  `message_id` bigint(20) NOT NULL,
  `attach_type` bigint(20) NOT NULL,
  `attach_id` bigint(20) DEFAULT NULL,
  `owner_id` bigint(20) DEFAULT NULL,
  `message_text` varchar(2000) DEFAULT NULL,
  `message_send_time` bigint(20) NOT NULL DEFAULT '0',
  `message_read_time` bigint(20) DEFAULT NULL,
  PRIMARY KEY (`message_id`)
) ENGINE=MyISAM DEFAULT CHARSET=utf8;

--
-- Дамп данных таблицы `messages`
--

INSERT INTO `messages` (`message_id`, `attach_type`, `attach_id`, `owner_id`, `message_text`, `message_send_time`, `message_read_time`) VALUES
(139833382613, 1, 992322281256, 947012730497, '0L/RgNC+', 1509382633, 1509382640),
(279320755183, 1, 992322281256, 732049357187, 'dWdnZ2g=', 1509382829, 1509382953),
(523690614777, 1, 992322281256, 732049357187, 'Z2hqaw==', 1509382942, 1509382953),
(352242824597, 1, 992322281256, 732049357187, 'dHl1', 1509383062, 1509383600),
(345413780978, 1, 992322281256, 732049357187, 'ZmdoaA==', 1509383067, 1509383600),
(453731689744, 1, 383269633646, 896744337728, '0YDQvtC70Ls=', 1510689105, NULL),
(195886171900, 4, 654860203598, 896744337728, '0YDRgNC70Ls=', 1510689457, NULL),
(610871446518, 1, 383269633646, 896744337728, '0L3Qs9GI', 1510694853, NULL);

-- --------------------------------------------------------

--
-- Структура таблицы `owners`
--

DROP TABLE IF EXISTS `owners`;
CREATE TABLE IF NOT EXISTS `owners` (
  `app_id` bigint(20) NOT NULL,
  `owner_id` bigint(20) NOT NULL,
  `vk_owner_id` bigint(20) DEFAULT NULL,
  `fb_owner_id` bigint(20) DEFAULT NULL,
  `owner_email` varchar(100) DEFAULT NULL,
  `owner_phone` varchar(20) DEFAULT NULL,
  `owner_name` varchar(60) NOT NULL,
  `owner_first_name` varchar(30) NOT NULL,
  `owner_last_name` varchar(30) DEFAULT NULL,
  `owner_sex` varchar(1) NOT NULL,
  `owner_birthdate` bigint(20) DEFAULT NULL,
  `owner_city` varchar(100) DEFAULT NULL,
  `owner_avatar_link_id` bigint(20) NOT NULL,
  `owner_photo_link_id` bigint(20) NOT NULL,
  `owner_login_time` bigint(20) NOT NULL DEFAULT '0',
  PRIMARY KEY (`owner_id`)
) ENGINE=MyISAM DEFAULT CHARSET=utf8;

--
-- Дамп данных таблицы `owners`
--

INSERT INTO `owners` (`app_id`, `owner_id`, `vk_owner_id`, `fb_owner_id`, `owner_email`, `owner_phone`, `owner_name`, `owner_first_name`, `owner_last_name`, `owner_sex`, `owner_birthdate`, `owner_city`, `owner_avatar_link_id`, `owner_photo_link_id`, `owner_login_time`) VALUES
(1, 965295321697, 17210363, NULL, NULL, '15555215554', 'Михаил Гайдук', 'Михаил', 'Гайдук', 'M', 718322400, 'Минск', 474904564224, 984829547692, 1512482009),
(1, 987999270752, NULL, NULL, NULL, '37525545124', 'Мишка ', 'Мишка', NULL, 'M', 2149384189, NULL, 662736886848, 570520225505, 1509398392),
(1, 616184496774, NULL, NULL, NULL, '55555555555', 'Yhhu ', 'Yhhu', NULL, 'M', 796956766, 'Минск', 138821224001, 736803528703, 1509273907),
(1, 918726344598, NULL, NULL, NULL, '15555215577', 'Hhhu ', 'Hhhu', NULL, 'M', 3501975890, 'Минск', 216942172872, 416621422051, 1509273953),
(1, 974576001770, NULL, NULL, NULL, '15555215588', 'Hhhu ', 'Hhhu', NULL, 'M', 3501975890, 'Минск', 799847575200, 237686530976, 1509274073),
(1, 129212379099, NULL, NULL, NULL, '15555215522', 'Hhhu ', 'Hhhu', NULL, 'M', 3501975890, 'Минск', 868809763276, 639692767458, 1509276672),
(1, 255848414618, NULL, NULL, NULL, '255451733', 'Ппр ', 'Ппр', NULL, 'M', 678333061, 'Минск', 167323527092, 528673797147, 1509376490),
(1, 460158170187, NULL, NULL, NULL, '15555215533', 'Wfewf ', 'Wfewf', NULL, 'M', 3620796481, 'Минск', 425654431962, 649732529312, 1509377363),
(1, 947012730497, NULL, NULL, NULL, '255456666', 'Рро ', 'Рро', NULL, 'M', 2149569606, NULL, 471954242219, 194668200139, 1509382952),
(1, 732049357187, NULL, NULL, NULL, '15555215666', 'Yujj ', 'Yujj', NULL, 'M', 3620799923, 'Минск', 398758487366, 294757769987, 1509390297),
(1, 896744337728, NULL, NULL, NULL, '+15555215554', 'Рома ', 'Рома', NULL, 'M', 3502106378, 'Минск', 975432339888, 474935351317, 1512481656),
(1, 714661265019, NULL, NULL, NULL, '+375255451247', 'Михаил ', 'Михаил', NULL, 'M', 797088244, NULL, 577837501611, 450620908923, 1509650546),
(1, 540506068443, NULL, NULL, NULL, '++1(555)525-54-11', 'Оджддд ', 'Оджддд', NULL, 'W', 797138166, 'Минск', 715294087841, 800388775014, 1509455138),
(1, 986127155802, NULL, NULL, NULL, '++1(555)441-55-54', 'Reerger ', 'Reerger', NULL, 'W', 797138230, 'Минск', 557023517729, 993180019074, 1509455758),
(1, 943785029890, NULL, NULL, NULL, '++1(558)421-55-54', 'Пол ', 'Пол', NULL, 'M', 1508743565820, 'Минск', 903456475762, 135062111578, 1509455899),
(1, 260891870784, NULL, NULL, NULL, '++1(333)521-55-54', 'Гооооо ', 'Гооооо', NULL, 'M', 2077450008, 'Минск', 136942868316, 545738789743, 1509456425),
(1, 704813398323, NULL, NULL, NULL, '++2(222)222-22-22', 'Нарик ', 'Нарик', NULL, 'M', 2235389858, 'Минск', 599609749178, 135693695666, 1509790466),
(1, 875836224686, NULL, NULL, NULL, '++1(555)521-54-14', 'Еее ', 'Еее', NULL, 'M', 2204014545, 'Минск', 753651674927, 211642209689, 1509795083);
COMMIT;

/*!40101 SET CHARACTER_SET_CLIENT=@OLD_CHARACTER_SET_CLIENT */;
/*!40101 SET CHARACTER_SET_RESULTS=@OLD_CHARACTER_SET_RESULTS */;
/*!40101 SET COLLATION_CONNECTION=@OLD_COLLATION_CONNECTION */;
